appid,name,developer,publisher,score_rank,positive,negative,userscore,owners,average_forever,average_2weeks,median_forever,median_2weeks,price,initialprice,discount,languages,genre,ccu,tags
10,Counter-Strike,Valve,Valve,,235234,6202,0,"10,000,000 .. 20,000,000",9391,1162,209,870,999,999,0,"English, French, German, Italian, Spanish - Spain, Simplified Chinese, Traditional Chinese, Korean",Action,14342,"{'Action': 5480, 'FPS': 4906, 'Multiplayer': 3454, 'Shooter': 3405, 'Classic': 2829, 'Team-Based': 1904, 'First-Person': 1746, 'Competitive': 1639, 'Tactical': 1378, ""1990's"": 1234, 'e-sports': 1221, 'PvP': 914, 'Old School': 812, 'Military': 656, 'Strategy': 629, 'Survival': 314, 'Score Attack': 296, '1980s': 278, 'Assassin': 237, 'Nostalgia': 185}"
20,Team Fortress Classic,Valve,Valve,,7307,1093,0,"5,000,000 .. 10,000,000",184,0,33,0,499,499,0,"English, French, German, Italian, Spanish - Spain, Korean, Russian, Simplified Chinese, Traditional Chinese",Action,82,"{'Action': 764, 'FPS': 327, 'Multiplayer': 277, 'Classic': 252, 'Hero Shooter': 225, 'Shooter': 221, 'Team-Based': 201, 'Class-Based': 195, 'First-Person': 187, ""1990's"": 160, 'Old School': 122, 'Co-op': 98, 'Competitive': 82, 'Fast-Paced': 72, 'Retro': 68, 'Online Co-Op': 60, 'Violent': 56, 'Funny': 39, 'Mod': 39, 'Remake': 39}"
30,Day of Defeat,Valve,Valve,,6241,672,0,"5,000,000 .. 10,000,000",161,0,13,0,499,499,0,"English, French, German, Italian, Spanish - Spain",Action,96,"{'FPS': 800, 'World War II': 270, 'Multiplayer': 213, 'Shooter': 193, 'Action': 164, 'War': 158, 'Team-Based': 137, 'Classic': 131, 'First-Person': 108, 'Class-Based': 83, 'Military': 71, 'Historical': 62, 'Tactical': 46, 'Singleplayer': 43, 'Co-op': 36, 'Violent': 23, 'Old School': 22, 'Retro': 22, 'Difficult': 22, 'Strategy': 16}"
40,Deathmatch Classic,Valve,Valve,,2539,525,0,"5,000,000 .. 10,000,000",217,0,9,0,499,499,0,"English, French, German, Italian, Spanish - Spain, Korean, Russian, Simplified Chinese, Traditional Chinese",Action,4,"{'Action': 635, 'FPS': 151, 'Classic': 115, 'Multiplayer': 106, 'Shooter': 100, 'First-Person': 80, 'Arena Shooter': 56, 'Old School': 44, 'Sci-fi': 36, 'Competitive': 30, 'Fast-Paced': 24, 'Retro': 21, 'Gore': 20, ""1990's"": 17, 'Co-op': 16, 'Difficult': 15, 'Singleplayer': 7}"
50,Half-Life: Opposing Force,Gearbox Software,Valve,,22212,1112,0,"2,000,000 .. 5,000,000",271,0,118,0,499,499,0,"English, French, German, Korean",Action,94,"{'FPS': 921, 'Action': 355, 'Classic': 287, 'Sci-fi': 279, 'Singleplayer': 258, 'Shooter': 247, 'First-Person': 218, 'Aliens': 207, ""1990's"": 161, 'Adventure': 139, 'Atmospheric': 128, 'Military': 127, 'Story Rich': 99, 'Silent Protagonist': 95, 'Great Soundtrack': 76, 'Gore': 60, 'Puzzle': 59, 'Moddable': 44, 'Co-op': 43, 'Retro': 41}"
60,Ricochet,Valve,Valve,,4783,1015,0,"5,000,000 .. 10,000,000",190,0,2,0,499,499,0,"English, French, German, Italian, Spanish - Spain, Korean, Russian, Simplified Chinese, Traditional Chinese",Action,10,"{'Action': 592, 'FPS': 136, 'Multiplayer': 119, 'Classic': 96, 'First-Person': 87, 'Sci-fi': 62, 'Shooter': 59, 'Space': 47, 'Cyberpunk': 39, 'Psychological Horror': 34, 'Memes': 32, '3D': 32, 'Retro': 32, 'Platformer': 32, 'Old School': 30, 'Conspiracy': 29, 'Cult Classic': 27, 'Competitive': 24, 'Sports': 14, 'Great Soundtrack': 12}"
70,Half-Life,Valve,Valve,,129119,4659,0,"10,000,000 .. 20,000,000",572,20,185,36,999,999,0,"English, French, German, Italian, Spanish - Spain, Simplified Chinese, Traditional Chinese, Korean",Action,905,"{'FPS': 2451, 'Classic': 1945, ""1990's"": 1934, 'Singleplayer': 1929, 'Sci-fi': 1928, 'Multiplayer': 1923, 'Shooter': 1900, 'Action': 1896, 'First-Person': 1896, 'Aliens': 1885, 'Silent Protagonist': 1873, 'Story Rich': 1871, 'Atmospheric': 1858, 'Gore': 1825, 'Moddable': 1825, 'Adventure': 1822, 'Retro': 1819, 'Action-Adventure': 1811, 'Difficult': 1783, 'PvP': 1759}"
80,Counter-Strike: Condition Zero,Valve,Valve,,23295,2216,0,"2,000,000 .. 5,000,000",6338,0,47,0,999,999,0,"English, French, German, Italian, Spanish - Spain, Simplified Chinese, Traditional Chinese, Korean",Action,454,"{'Action': 1382, 'FPS': 1042, 'Shooter': 770, 'Multiplayer': 634, 'First-Person': 479, 'Singleplayer': 421, 'Classic': 403, 'Tactical': 383, 'Team-Based': 326, 'Competitive': 313, 'Military': 187, 'Online Co-Op': 182, 'Strategy': 176, 'Adventure': 87, 'Survival': 66, 'Atmospheric': 65, 'Old School': 59, 'Open World': 39, 'Dark': 39, 'Simulation': 34}"
130,Half-Life: Blue Shift,Gearbox Software,Valve,,15832,1333,0,"1,000,000 .. 2,000,000",225,0,94,0,499,499,0,"English, French, German",Action,41,"{'FPS': 486, 'Action': 306, 'Sci-fi': 236, 'Singleplayer': 215, 'Shooter': 192, 'Aliens': 176, 'Classic': 166, 'First-Person': 160, 'Zombies': 111, 'Adventure': 105, ""1990's"": 95, 'Short': 91, 'Atmospheric': 86, 'Silent Protagonist': 68, 'Story Rich': 60, 'Puzzle': 37, 'Retro': 34, 'Moddable': 34, 'Great Soundtrack': 33, 'Violent': 29}"
220,Half-Life 2,Valve,Valve,,195931,4839,0,"2,000,000 .. 5,000,000",697,155,441,185,999,999,0,"English, French, German, Italian, Korean, Spanish - Spain, Russian, Simplified Chinese, Traditional Chinese, Dutch, Danish, Finnish, Japanese, Norwegian, Polish, Portuguese - Portugal, Swedish, Thai",Action,930,"{'FPS': 4137, 'Action': 2957, 'Sci-fi': 2604, 'Classic': 2376, 'Singleplayer': 2326, 'Story Rich': 2023, 'Shooter': 1826, 'First-Person': 1705, 'Adventure': 1460, 'Dystopian ': 1314, 'Atmospheric': 1215, 'Silent Protagonist': 1130, 'Zombies': 1128, 'Physics': 1086, 'Aliens': 1043, 'Great Soundtrack': 1033, 'Horror': 924, 'Puzzle': 813, 'Multiplayer': 798, 'Moddable': 597}"
240,Counter-Strike: Source,Valve,Valve,,168582,6486,0,"10,000,000 .. 20,000,000",7375,8,295,8,999,999,0,"English, French, German, Italian, Japanese, Korean, Spanish - Spain, Russian, Simplified Chinese, Traditional Chinese, Thai, Turkish",Action,10060,"{'Shooter': 5316, 'FPS': 3196, 'Action': 3175, 'Multiplayer': 2548, 'Team-Based': 1708, 'First-Person': 1510, 'Competitive': 1366, 'Tactical': 1354, 'PvP': 1040, 'e-sports': 981, 'Military': 778, 'War': 656, 'Strategy': 530, 'Moddable': 514, 'Singleplayer': 416, 'Difficult': 398, 'Atmospheric': 309, 'Survival': 286, 'Simulation': 248, 'Sandbox': 210}"
280,Half-Life: Source,Valve,Valve,,10799,4762,0,"2,000,000 .. 5,000,000",153,0,34,0,999,999,0,"English, French, German, Italian, Japanese, Spanish - Spain, Russian, Simplified Chinese, Traditional Chinese, Thai, Korean",Action,28,"{'FPS': 398, 'Action': 295, 'Classic': 238, 'Sci-fi': 217, 'Singleplayer': 210, 'First-Person': 187, 'Shooter': 183, 'Aliens': 157, ""1990's"": 130, 'Zombies': 127, 'Story Rich': 119, 'Adventure': 102, 'Remake': 95, 'Atmospheric': 90, 'Multiplayer': 67, 'Silent Protagonist': 67, 'Horror': 64, 'Great Soundtrack': 52, 'Moddable': 48, 'Gore': 25}"
300,Day of Defeat: Source,Valve,Valve,,20256,1842,0,"5,000,000 .. 10,000,000",352,0,228,0,999,999,0,English,Action,492,"{'FPS': 650, 'World War II': 517, 'Multiplayer': 363, 'Action': 332, 'Shooter': 309, 'Military': 250, 'Team-Based': 245, 'War': 245, 'First-Person': 192, 'Historical': 159, 'Class-Based': 151, 'Classic': 141, 'Tactical': 125, 'Realistic': 103, 'Online Co-Op': 72, 'Gore': 51, 'Strategy': 49, 'Massively Multiplayer': 37, 'Simulation': 30, 'Violent': 27}"
340,Half-Life 2: Lost Coast,Valve,Valve,,12178,1462,0,"20,000,000 .. 50,000,000",136,0,19,0,0,0,0,"English, French, German, Italian, Spanish - Spain, Russian, Simplified Chinese, Traditional Chinese, Korean",Action,18,"{'FPS': 1032, 'Action': 365, 'Singleplayer': 315, 'First-Person': 256, 'Sci-fi': 251, 'Shooter': 227, 'Short': 224, 'Aliens': 124, 'Dystopian ': 115, 'Classic': 113, 'Adventure': 109, 'Atmospheric': 98, 'Benchmark': 97, 'Futuristic': 92, 'Silent Protagonist': 88, 'Free to Play': 64, 'Post-apocalyptic': 44, 'Multiplayer': 43, 'Story Rich': 43, 'Great Soundtrack': 38}"
360,Half-Life Deathmatch: Source,Valve,Valve,,3155,1109,0,"5,000,000 .. 10,000,000",194,0,10,0,999,999,0,English,Action,10,"{'Action': 248, 'FPS': 165, 'Multiplayer': 130, 'Shooter': 99, 'Sci-fi': 88, 'First-Person': 79, 'Classic': 74, 'Remake': 27, 'Violent': 22, 'Adventure': 18, 'Fast-Paced': 16, 'Competitive': 16, 'Atmospheric': 11, 'Singleplayer': 11, 'Horror': 10, 'Gore': 6, 'Great Soundtrack': 5, 'Retro': 5, 'Arena Shooter': 5}"
380,Half-Life 2: Episode One,Valve,Valve,,30214,1337,0,"2,000,000 .. 5,000,000",215,354,207,354,799,799,0,"English, French, German, Italian, Korean, Spanish - Spain, Russian, Simplified Chinese, Traditional Chinese, Dutch, Danish, Finnish, Japanese, Norwegian, Polish, Portuguese - Portugal, Swedish, Thai",Action,146,"{'FPS': 751, 'Action': 540, 'Sci-fi': 472, 'Singleplayer': 415, 'Story Rich': 327, 'First-Person': 325, 'Shooter': 312, 'Classic': 290, 'Dystopian ': 250, 'Aliens': 240, 'Adventure': 237, 'Zombies': 237, 'Episodic': 180, 'Atmospheric': 176, 'Silent Protagonist': 173, 'Great Soundtrack': 169, 'Short': 155, 'Puzzle': 122, 'Cinematic': 104, 'Moddable': 80}"
400,Portal,Valve,Valve,,162989,2539,0,"10,000,000 .. 20,000,000",310,0,192,0,100,999,90,"English, French, German, Russian, Danish, Dutch, Finnish, Italian, Japanese, Norwegian, Polish, Portuguese - Portugal, Simplified Chinese, Spanish - Spain, Swedish, Traditional Chinese, Korean, Bulgarian, Czech, Greek, Hungarian, Portuguese - Brazil, Romanian, Spanish - Latin America, Thai, Turkish, Ukrainian",Action,1599,"{'Puzzle': 4213, 'Puzzle-Platformer': 3180, 'First-Person': 2542, '3D Platformer': 2480, 'Singleplayer': 2192, 'Sci-fi': 2015, 'Comedy': 1637, 'Female Protagonist': 1569, 'Physics': 1133, 'Funny': 1099, 'Action': 1070, 'Classic': 907, 'Story Rich': 901, 'Platformer': 854, 'Science': 831, 'Atmospheric': 722, 'Dark Humor': 703, 'FPS': 681, 'Short': 675, 'Adventure': 662}"
420,Half-Life 2: Episode Two,Valve,Valve,,40395,1218,0,"5,000,000 .. 10,000,000",337,0,268,0,799,799,0,"English, French, German, Russian, Danish, Dutch, Finnish, Italian, Japanese, Korean, Norwegian, Polish, Portuguese - Portugal, Simplified Chinese, Spanish - Spain, Swedish, Traditional Chinese",Action,219,"{'FPS': 937, 'Action': 691, 'Sci-fi': 583, 'Singleplayer': 521, 'Shooter': 458, 'Story Rich': 412, 'First-Person': 406, 'Classic': 372, 'Adventure': 328, 'Aliens': 312, 'Atmospheric': 278, 'Zombies': 273, 'Silent Protagonist': 268, 'Great Soundtrack': 232, 'Dystopian ': 231, 'Post-apocalyptic': 209, 'Episodic': 172, 'Puzzle': 166, 'Horror': 148, 'Multiplayer': 106}"
440,Team Fortress 2,Valve,Valve,,989361,131668,0,"50,000,000 .. 100,000,000",12067,1145,459,838,0,0,0,"English, Danish, Dutch, Finnish, French, German, Italian, Japanese, Norwegian, Polish, Portuguese - Portugal, Russian, Simplified Chinese, Spanish - Spain, Swedish, Traditional Chinese, Korean, Czech, Hungarian, Portuguese - Brazil, Turkish, Greek, Bulgarian, Romanian, Thai, Ukrainian, Spanish - Latin America","Action, Free To Play",63468,"{'Free to Play': 62708, 'Hero Shooter': 60982, 'Multiplayer': 22757, 'FPS': 15649, 'Shooter': 12705, 'Action': 12070, 'Class-Based': 9837, 'Team-Based': 9424, 'Funny': 9379, 'First-Person': 7914, 'Online Co-Op': 7313, 'Competitive': 7088, 'Cartoony': 7083, 'Trading': 6811, 'Co-op': 5815, 'Comedy': 5357, 'Robots': 4992, 'Tactical': 4001, 'Cartoon': 3946, 'Crafting': 3684}"
500,Left 4 Dead,Valve,Valve,,55686,2122,0,"5,000,000 .. 10,000,000",648,9,245,9,999,999,0,"English, French, German, Spanish - Spain, Russian, Danish, Dutch, Finnish, Italian, Japanese, Norwegian, Polish, Portuguese - Portugal, Simplified Chinese, Swedish, Traditional Chinese, Korean, Bulgarian, Czech, Greek, Hungarian, Portuguese - Brazil, Romanian, Spanish - Latin America, Thai, Turkish, Ukrainian, Vietnamese",Action,465,"{'Zombies': 2169, 'Co-op': 1394, 'Multiplayer': 1242, 'FPS': 1190, 'Action': 1028, 'Horror': 890, 'Shooter': 827, 'Online Co-Op': 811, 'Survival': 672, 'Team-Based': 653, 'First-Person': 620, 'Post-apocalyptic': 549, 'Singleplayer': 440, 'Atmospheric': 331, 'Adventure': 316, 'Moddable': 315, 'Tactical': 288, 'Replay Value': 268, 'Competitive': 263, 'Female Protagonist': 231}"
550,Left 4 Dead 2,Valve,Valve,,869053,22218,0,"50,000,000 .. 100,000,000",2342,174,520,107,999,999,0,"English, Danish, Dutch, Finnish, French, German, Italian, Japanese, Korean, Norwegian, Polish, Portuguese - Portugal, Russian, Simplified Chinese, Spanish - Spain, Swedish, Traditional Chinese, Hungarian, Turkish, Bulgarian, Czech, Greek, Portuguese - Brazil, Romanian, Spanish - Latin America, Thai, Ukrainian, Vietnamese",Action,24747,"{'Zombies': 21120, 'Co-op': 11322, 'FPS': 9995, 'Multiplayer': 9367, 'Shooter': 7038, 'Online Co-Op': 6745, 'Action': 6636, 'Survival': 5693, 'Horror': 5447, 'First-Person': 4536, 'Gore': 4247, 'Team-Based': 3578, 'Moddable': 3058, 'Survival Horror': 2987, 'Post-apocalyptic': 2888, 'Singleplayer': 2434, 'Adventure': 2184, 'Local Co-Op': 2135, 'Replay Value': 2083, 'Tactical': 2002}"
570,Dota 2,Valve,Valve,,1906784,429617,0,"200,000,000 .. 500,000,000",40694,1624,776,728,0,0,0,"English, Bulgarian, Czech, Danish, Dutch, Finnish, French, German, Greek, Hungarian, Italian, Japanese, Korean, Norwegian, Polish, Portuguese - Portugal, Portuguese - Brazil, Romanian, Russian, Simplified Chinese, Spanish - Spain, Swedish, Thai, Traditional Chinese, Turkish, Ukrainian, Spanish - Latin America, Vietnamese","Action, Strategy, Free To Play",554418,"{'Free to Play': 59754, 'MOBA': 20049, 'Multiplayer': 15256, 'Strategy': 14172, 'e-sports': 11712, 'Team-Based': 10885, 'Competitive': 8221, 'Action': 7874, 'Online Co-Op': 7412, 'PvP': 5992, 'Difficult': 5288, 'Co-op': 4269, 'RTS': 4076, 'RPG': 3762, 'Tower Defense': 3732, 'Fantasy': 3717, 'Character Customization': 2902, 'Replay Value': 2735, 'Action RPG': 2433, 'Simulation': 1956}"
620,Portal 2,Valve,Valve,,402354,5327,0,"5,000,000 .. 10,000,000",1020,6,510,7,100,999,90,"English, French, German, Spanish - Spain, Czech, Danish, Dutch, Finnish, Hungarian, Italian, Japanese, Korean, Norwegian, Polish, Portuguese - Portugal, Romanian, Russian, Simplified Chinese, Swedish, Thai, Traditional Chinese, Turkish, Bulgarian, Greek, Portuguese - Brazil, Spanish - Latin America, Ukrainian","Action, Adventure",6120,"{'Platformer': 7411, 'Puzzle': 7279, 'First-Person': 7019, 'Dark Humor': 7016, 'Story Rich': 6980, 'Puzzle-Platformer': 6914, 'Funny': 6833, 'Female Protagonist': 6789, '3D Platformer': 6738, 'Action-Adventure': 6588, 'Action': 6552, 'FPS': 6537, 'Co-op': 5995, 'Physics': 5049, 'Sci-fi': 4893, 'Level Editor': 4870, 'Science': 4791, 'Comedy': 4771, 'Atmospheric': 4762, 'Adventure': 4699}"
630,Alien Swarm,Valve,Valve,,20014,1087,0,"2,000,000 .. 5,000,000",91,0,181,0,0,0,0,English,Action,15,"{'Free to Play': 3705, 'Co-op': 783, 'Action': 600, 'Multiplayer': 546, 'Online Co-Op': 479, 'Aliens': 470, 'Shooter': 456, 'Sci-fi': 401, 'Top-Down': 375, 'Top-Down Shooter': 350, 'Survival': 244, 'Class-Based': 210, 'PvE': 209, 'Third Person': 205, 'Team-Based': 204, 'Third-Person Shooter': 176, 'Moddable': 147, 'Singleplayer': 126, 'Strategy': 124, 'Adventure': 119}"
730,Counter-Strike: Global Offensive,Valve,Valve,,7263627,1086585,0,"100,000,000 .. 200,000,000",35749,869,6836,330,0,0,0,"English, Czech, Danish, Dutch, Finnish, French, German, Hungarian, Italian, Japanese, Korean, Norwegian, Polish, Portuguese - Portugal, Portuguese - Brazil, Romanian, Russian, Simplified Chinese, Spanish - Spain, Swedish, Thai, Traditional Chinese, Turkish, Bulgarian, Ukrainian, Greek, Spanish - Latin America, Vietnamese, Indonesian","Action, Free To Play",962439,"{'FPS': 90474, 'Shooter': 65102, 'Multiplayer': 62057, 'Competitive': 53135, 'Action': 47338, 'Team-Based': 46254, 'e-sports': 43334, 'Tactical': 41194, 'First-Person': 39246, 'PvP': 34326, 'Online Co-Op': 33845, 'Co-op': 30150, 'Strategy': 30005, 'Military': 28610, 'War': 27920, 'Difficult': 25890, 'Trading': 25592, 'Realistic': 25347, 'Fast-Paced': 25258, 'Moddable': 6529}"
1250,Killing Floor,Tripwire Interactive,Tripwire Interactive,,63036,3355,0,"2,000,000 .. 5,000,000",1472,0,342,0,1999,1999,0,"English, French, Italian, German, Spanish - Spain, Hungarian, Polish, Russian",Action,265,"{'FPS': 1716, 'Zombies': 1672, 'Co-op': 1567, 'Survival': 1238, 'Horror': 1099, 'Action': 1070, 'Multiplayer': 1067, 'Online Co-Op': 965, 'Violent': 866, 'Gore': 846, 'Shooter': 784, 'Team-Based': 585, 'First-Person': 517, 'Survival Horror': 416, 'Moddable': 375, 'Class-Based': 320, 'Bullet Time': 320, '3D': 318, 'Singleplayer': 316, 'Dark Comedy': 312}"
1840,Source Filmmaker,Valve,Valve,,36185,2732,0,"2,000,000 .. 5,000,000",2076,0,101,0,0,0,0,English,"Animation & Modeling, Video Production",1286,"{'Animation & Modeling': 754, 'Free to Play': 523, 'Video Production': 522, 'Software': 434, 'Movie': 325, 'Difficult': 227, 'Sandbox': 222, 'Funny': 181, 'Comedy': 144, 'Singleplayer': 134, 'Moddable': 127, 'Character Customization': 116, 'Memes': 99, 'Survival Horror': 80, 'Games Workshop': 60, '3D': 52, 'Anime': 47, 'Great Soundtrack': 38, 'Souls-like': 24, 'Family Friendly': 20}"
2100,Dark Messiah of Might & Magic,Arkane Studios,Ubisoft,,9244,897,0,"1,000,000 .. 2,000,000",354,0,320,0,999,999,0,"English, French, German, Italian, Spanish - Spain","Action, RPG",55,"{'RPG': 516, 'First-Person': 458, 'Action': 410, 'Fantasy': 365, 'Swordplay': 249, 'Dark Fantasy': 249, 'Adventure': 238, 'Magic': 227, 'Classic': 184, 'Singleplayer': 159, 'Stealth': 143, 'Multiple Endings': 142, 'Medieval': 119, 'Action RPG': 118, 'Story Rich': 113, 'Atmospheric': 108, 'Gore': 95, 'Hack and Slash': 94, 'Immersive Sim': 92, 'Multiplayer': 69}"
2280,DOOM + DOOM II,"id Software, Nightdive Studios",Bethesda,,21167,787,0,"1,000,000 .. 2,000,000",443,0,373,0,999,999,0,"English, French, Italian, German, Spanish - Spain",Action,443,"{'FPS': 537, 'Classic': 522, ""1990's"": 331, 'Action': 328, 'Great Soundtrack': 295, 'Retro': 292, 'Old School': 258, 'Demons': 246, 'Shooter': 241, 'Gore': 223, 'First-Person': 222, 'Singleplayer': 219, 'Moddable': 214, 'Boomer Shooter': 188, 'Fast-Paced': 182, 'Sci-fi': 176, 'Violent': 171, 'Multiplayer': 141, '2.5D': 140, 'Difficult': 118}"
2310,Quake,"id Software, Nightdive Studios, MachineGames",Bethesda Softworks,,13344,469,0,"2,000,000 .. 5,000,000",292,0,34,0,999,999,0,"English, French, Italian, German, Spanish - Spain, Russian",Action,101,"{'FPS': 446, 'Classic': 388, 'Action': 267, 'Shooter': 245, ""1990's"": 195, 'Multiplayer': 188, 'Singleplayer': 188, 'First-Person': 165, 'Gore': 162, 'Old School': 161, 'Retro': 142, 'Great Soundtrack': 132, 'Horror': 131, 'Fast-Paced': 125, 'Atmospheric': 116, 'Moddable': 114, 'Sci-fi': 108, 'Boomer Shooter': 106, 'Arena Shooter': 68, 'Co-op': 64}"
2400,The Ship: Murder Party,Outerlight Ltd.,Blazing Griffin,,5094,843,0,"1,000,000 .. 2,000,000",242,0,227,0,999,999,0,"English, French, German, Italian, Spanish - Spain, Polish, Russian, Japanese","Action, Indie, RPG",2,"{'Multiplayer': 383, 'Indie': 174, 'First-Person': 155, 'Action': 150, 'Stealth': 140, 'Mystery': 120, 'RPG': 120, 'Assassin': 109, 'Funny': 81, 'Survival': 62, 'FPS': 54, 'Simulation': 53, 'Singleplayer': 52, 'Comedy': 51, 'Shooter': 44, 'Adventure': 41, 'Strategy': 41, 'Difficult': 31, 'Stylized': 28, 'Replay Value': 28}"
2630,Call of Duty 2,Infinity Ward,Activision,,9235,643,0,"5,000,000 .. 10,000,000",2537,0,608,0,1999,1999,0,"English, French, German, Italian, Spanish - Spain",Action,253,"{'World War II': 228, 'Action': 226, 'FPS': 221, 'Multiplayer': 194, 'Singleplayer': 188, 'Shooter': 149, 'War': 142, 'Classic': 133, 'First-Person': 115, 'Historical': 98, 'Military': 70, 'Atmospheric': 61, 'Story Rich': 31, 'Controller': 26, 'Co-op': 20, 'Adventure': 19, 'Online Co-Op': 12, 'Casual': 12, 'Simulation': 9, 'Zombies': 8}"
3590,Plants vs. Zombies GOTY Edition,"PopCap Games, Inc.","PopCap Games, Inc., Electronic Arts",,129038,3220,0,"2,000,000 .. 5,000,000",1740,26,510,51,499,499,0,English,Strategy,2881,"{'Tower Defense': 1361, 'Zombies': 1217, 'Strategy': 954, 'Singleplayer': 829, 'Casual': 710, 'Classic': 478, '2D': 475, 'Comedy': 472, 'Great Soundtrack': 471, 'Family Friendly': 406, 'Funny': 371, 'Addictive': 318, 'Puzzle': 317, 'Cute': 296, 'Survival': 283, 'Indie': 262, 'Tactical': 231, 'Adventure': 146, 'Touch-Friendly': 136, 'Post-apocalyptic': 108}"
3830,Psychonauts,Double Fine Productions,Double Fine Productions,,16232,826,0,"2,000,000 .. 5,000,000",596,0,678,0,999,999,0,"English, French, German",Action,60,"{'Platformer': 680, 'Comedy': 597, 'Adventure': 518, 'Cult Classic': 491, 'Singleplayer': 447, 'Action': 394, 'Funny': 360, 'Third Person': 319, '3D Platformer': 310, 'Classic': 271, 'Story Rich': 216, 'Psychological': 196, 'Great Soundtrack': 154, 'Surreal': 121, 'Cartoony': 113, 'Collectathon': 108, 'Exploration': 98, 'Action-Adventure': 72, '3D': 61, '3D Vision': 28}"
3900,Sid Meier's Civilization IV,Firaxis Games,2K,,2958,229,0,"1,000,000 .. 2,000,000",282,0,166,0,1999,1999,0,"English, French, German, Italian, Spanish - Spain",Strategy,601,"{'Strategy': 298, 'Turn-Based Strategy': 210, 'Turn-Based': 178, '4X': 150, 'Historical': 129, 'Multiplayer': 106, 'Singleplayer': 91, 'Moddable': 69, 'Grand Strategy': 62, 'Classic': 56, 'Addictive': 47, 'Replay Value': 41, 'Simulation': 40, 'Resource Management': 40, 'Great Soundtrack': 32, 'War': 31, 'Economy': 28, 'Tactical': 28, 'Management': 22, 'Local Multiplayer': 6}"
3910,Sid Meier's Civilization III Complete,Firaxis Games,2K,,6118,715,0,"1,000,000 .. 2,000,000",490,0,602,0,499,499,0,English,Strategy,1760,"{'Strategy': 310, 'Turn-Based Strategy': 215, 'Turn-Based': 137, 'Classic': 134, '4X': 119, 'Historical': 117, 'Singleplayer': 92, 'Multiplayer': 74, 'Replay Value': 70, 'Simulation': 58, 'Grand Strategy': 57, 'Military': 56, 'Exploration': 52, 'Addictive': 43, 'City Builder': 31, 'Old School': 22, 'War': 16, 'Isometric': 11, 'Diplomacy': 11, 'Alternate History': 10}"
4000,Garry's Mod,Facepunch Studios,Valve,,1067679,35938,0,"20,000,000 .. 50,000,000",11267,639,1682,625,999,999,0,"English, French, Italian, German, Spanish - Spain, Bulgarian, Czech, Danish, Dutch, Finnish, Greek, Hungarian, Japanese, Korean, Norwegian, Polish, Portuguese - Portugal, Portuguese - Brazil, Russian, Simplified Chinese, Swedish, Thai, Traditional Chinese, Turkish, Ukrainian","Casual, Indie, Simulation",25031,"{'Sandbox': 18533, 'Moddable': 14363, 'Multiplayer': 14350, 'Physics': 14325, 'Building': 14306, 'Casual': 13107, 'Funny': 12866, 'First-Person': 12820, 'Singleplayer': 12807, 'FPS': 12777, 'Simulation': 12769, 'Online Co-Op': 12769, 'Co-op': 12763, 'Shooter': 12758, 'Comedy': 12749, 'Action': 12746, 'Indie': 12695, 'PvP': 8945, 'Realistic': 8931, 'Exploration': 8903}"
4500,S.T.A.L.K.E.R.: Shadow of Chernobyl,GSC Game World,GSC Game World,,40396,2291,0,"1,000,000 .. 2,000,000",657,0,512,0,1999,1999,0,"English, French, Italian, Spanish - Spain, German, Russian, Ukrainian, Polish, Traditional Chinese","Action, RPG",631,"{'Atmospheric': 1441, 'Post-apocalyptic': 1326, 'Open World': 1317, 'FPS': 1220, 'Survival': 982, 'Action': 730, 'Survival Horror': 616, 'RPG': 615, 'Shooter': 614, 'Horror': 575, 'First-Person': 541, 'Singleplayer': 534, 'Classic': 469, 'Based On A Novel': 396, 'Moddable': 393, 'Adventure': 386, 'Immersive': 343, 'Sci-fi': 336, 'Inventory Management': 299, 'Difficult': 273}"
4560,Company of Heroes - Legacy Edition,Relic Entertainment,SEGA,,6392,435,0,"2,000,000 .. 5,000,000",378,8,42,8,3699,3699,0,"English, French, Spanish - Spain, Italian, German, Czech, Japanese, Korean, Polish, Russian, Traditional Chinese","Action, Strategy",76,"{'Strategy': 562, 'World War II': 465, 'RTS': 460, 'Multiplayer': 275, 'Military': 271, 'Action': 262, 'Tactical': 254, 'Singleplayer': 243, 'War': 195, 'Base-Building': 185, 'Historical': 154, 'Tanks': 143, 'Moddable': 99, 'Co-op': 97, 'Simulation': 69, 'Epic': 52, 'Classic': 39, 'Team-Based': 34, 'Addictive': 30, 'Adventure': 24}"
4570,"Warhammer 40,000: Dawn of War - Anniversary Edition",Relic Entertainment,SEGA,,9909,517,0,"1,000,000 .. 2,000,000",198,0,124,0,3499,3499,0,"English, French, German, Italian, Spanish - Spain",Strategy,329,"{'Strategy': 386, 'Warhammer 40K': 315, 'RTS': 315, 'Base-Building': 206, 'Sci-fi': 166, 'Multiplayer': 159, 'Real-Time': 129, 'Games Workshop': 129, 'Tactical': 117, 'Singleplayer': 116, 'War': 80, 'Classic': 70, 'Action': 62, 'Gore': 41, 'Great Soundtrack': 30, 'Fantasy': 30, 'Epic': 29, 'Story Rich': 28, 'Futuristic': 27, 'Dark': 10}"
4580,"Warhammer 40,000: Dawn of War - Dark Crusade",Relic Entertainment,SEGA,,8155,287,0,"1,000,000 .. 2,000,000",914,0,1382,0,0,0,0,"English, French, German, Italian, Spanish - Spain",Strategy,796,"{'Strategy': 295, 'Warhammer 40K': 265, 'RTS': 222, 'Base-Building': 156, 'Sci-fi': 136, 'Multiplayer': 134, 'Singleplayer': 105, 'Games Workshop': 101, 'Real-Time': 86, 'Classic': 81, 'War': 67, 'Action': 48, 'Tactical': 46, 'Atmospheric': 38, 'Gore': 36, 'Co-op': 33, 'Fantasy': 28, 'Space': 23, 'Adventure': 17, 'Nostalgia': 7}"
4700,Total War: MEDIEVAL II – Definitive Edition,"CREATIVE ASSEMBLY, Feral Interactive (Mac), Feral Interactive (Linux)","SEGA, Feral Interactive (Mac), Feral Interactive (Linux)",,30415,1358,0,"1,000,000 .. 2,000,000",1272,0,715,0,2499,2499,0,"English, French, Italian, German, Spanish - Spain, Czech, Hungarian, Polish, Russian",Strategy,4982,"{'Strategy': 685, 'Medieval': 490, 'Historical': 370, 'Turn-Based Strategy': 332, 'Grand Strategy': 306, 'War': 278, 'RTS': 263, 'Tactical': 228, 'Singleplayer': 200, 'Multiplayer': 199, 'Moddable': 159, 'Military': 153, 'Turn-Based': 147, 'Real Time Tactics': 142, 'Classic': 122, 'Simulation': 104, 'Action': 78, 'Sandbox': 72, 'Great Soundtrack': 64, '4X': 35}"
4760,Rome: Total War - Collection,CREATIVE ASSEMBLY,SEGA,,14953,860,0,"1,000,000 .. 2,000,000",350,0,145,0,0,0,0,English,Strategy,997,"{'Strategy': 531, 'Historical': 326, 'Rome': 297, 'Turn-Based Strategy': 273, 'RTS': 237, 'Grand Strategy': 228, 'Classic': 205, 'Tactical': 188, 'War': 173, 'Great Soundtrack': 150, 'Multiplayer': 144, 'Singleplayer': 139, 'Turn-Based': 132, 'Moddable': 115, 'Real Time Tactics': 89, 'Action': 54, 'Atmospheric': 50, 'Simulation': 44, '4X': 38, 'Nostalgia': 21}"
4920,Natural Selection 2,Unknown Worlds Entertainment,Unknown Worlds Entertainment,,11102,1914,0,"200,000 .. 500,000",355,0,139,0,499,499,0,"English, French, German, Spanish - Spain, Polish, Russian, Finnish, Romanian, Swedish, Czech","Action, Indie, Strategy",168,"{'Multiplayer': 639, 'Strategy': 610, 'FPS': 599, 'Team-Based': 523, 'Action': 469, 'Sci-fi': 400, 'RTS': 384, 'Aliens': 336, 'Indie': 312, 'Competitive': 267, 'Shooter': 221, 'Co-op': 194, 'Tactical': 182, 'Moddable': 178, 'First-Person': 155, 'Space': 129, 'Futuristic': 122, 'Atmospheric': 118, 'Online Co-Op': 113, 'Adventure': 45}"
6000,STAR WARS Republic Commando,LucasArts,"LucasArts, Lucasfilm, Disney",,14771,666,0,"1,000,000 .. 2,000,000",229,0,370,0,999,999,0,"English, French, German, Italian, Spanish - Spain",Action,40,"{'FPS': 424, 'Action': 415, 'Tactical': 346, 'Sci-fi': 293, 'Singleplayer': 285, 'Shooter': 257, 'First-Person': 218, 'Classic': 214, 'Multiplayer': 196, 'Great Soundtrack': 174, 'Atmospheric': 155, 'Space': 153, 'Epic': 135, 'Adventure': 127, 'Team-Based': 126, 'War': 118, 'Co-op': 96, 'Strategy': 95, 'Dark': 63, 'Futuristic': 47}"
6060,"STAR WARS Battlefront II (Classic, 2005)",Pandemic Studios,"Lucasfilm, LucasArts, Disney",,49662,2841,0,"5,000,000 .. 10,000,000",453,0,112,0,999,999,0,English,Action,187,"{'Action': 866, 'Multiplayer': 795, 'Shooter': 729, 'Classic': 721, 'Third-Person Shooter': 721, 'Sci-fi': 709, 'Space': 693, 'FPS': 631, 'First-Person': 493, 'Singleplayer': 443, 'Moddable': 393, 'Third Person': 372, 'Military': 358, 'Co-op': 274, 'Tactical': 260, 'Great Soundtrack': 252, 'Strategy': 240, 'Adventure': 200, 'Addictive': 175, 'Epic': 169}"
6850,Hitman 2: Silent Assassin,Io-Interactive A/S,Io-Interactive A/S,,3186,628,0,"1,000,000 .. 2,000,000",260,0,35,0,899,899,0,English,Action,20,"{'Stealth': 202, 'Action': 143, 'Third Person': 91, 'Assassin': 84, 'Classic': 76, 'Singleplayer': 76, 'Shooter': 58, 'Sandbox': 45, 'Great Soundtrack': 40, 'Old School': 35, 'Difficult': 28, 'Adventure': 23, 'Gore': 23, 'First-Person': 22, 'FPS': 19, 'Crime': 19, 'Third-Person Shooter': 15, 'Atmospheric': 15, 'Tactical': 14, 'Story Rich': 11}"
6860,Hitman: Blood Money,Io-Interactive A/S,Io-Interactive A/S,,12211,762,0,"1,000,000 .. 2,000,000",767,0,407,0,999,999,0,English,Action,93,"{'Stealth': 465, 'Action': 283, 'Assassin': 210, 'Singleplayer': 205, 'Third Person': 192, 'Classic': 176, 'Great Soundtrack': 117, 'Third-Person Shooter': 102, 'Cult Classic': 95, 'Sandbox': 94, 'Puzzle': 82, 'Replay Value': 76, 'Crime': 73, 'Shooter': 68, 'Atmospheric': 67, 'First-Person': 53, 'Difficult': 51, 'Strategy': 46, 'Dark': 45, 'Simulation': 25}"
6880,Just Cause,Avalanche Studios,Square Enix,,3151,1612,0,"1,000,000 .. 2,000,000",106,0,23,0,699,699,0,English,Action,9,"{'Action': 160, 'Open World': 148, 'Shooter': 84, 'Third Person': 78, 'Singleplayer': 74, 'Adventure': 65, 'Sandbox': 62, 'Third-Person Shooter': 55, 'Classic': 43, 'Multiplayer': 31, 'Controller': 20, 'Atmospheric': 17, 'Great Soundtrack': 14, 'Action RPG': 10, 'Violent': 7, 'Funny': 6, 'RPG': 5}"
6910,Deus Ex: Game of the Year Edition,Ion Storm,Eidos Interactive Corp.,,13255,726,0,"1,000,000 .. 2,000,000",396,0,341,0,699,699,0,English,Action,61,"{'Cyberpunk': 1063, 'RPG': 879, 'Stealth': 761, 'Classic': 718, 'Immersive Sim': 665, 'FPS': 642, 'Sci-fi': 607, 'Cult Classic': 550, 'Action': 483, 'Singleplayer': 467, 'Dystopian ': 430, 'Story Rich': 391, 'Great Soundtrack': 349, 'Inventory Management': 343, 'First-Person': 301, 'Atmospheric': 268, 'Conspiracy': 268, 'Moddable': 250, 'Action RPG': 182, 'Shooter': 155}"
7940,Call of Duty 4: Modern Warfare (2007),Infinity Ward,Activision,,22553,1602,0,"2,000,000 .. 5,000,000",20793,0,1488,0,1999,1999,0,"English, French, German, Italian, Spanish - Spain",Action,438,"{'FPS': 678, 'Action': 539, 'Multiplayer': 531, 'Shooter': 395, 'Singleplayer': 352, 'First-Person': 327, 'Classic': 286, 'Military': 262, 'War': 240, 'PvP': 147, 'Story Rich': 131, 'Great Soundtrack': 129, 'Linear': 125, 'Co-op': 123, 'Modern': 122, 'Controller': 114, 'Atmospheric': 100, 'Moddable': 92, 'Competitive': 84, 'Zombies': 62}"
8190,Just Cause 2,Avalanche Studios,Square Enix,,45680,4634,0,"2,000,000 .. 5,000,000",1535,0,238,0,1499,1499,0,"English, French, German, Italian, Spanish - Spain, Polish, Russian","Action, Adventure",117,"{'Open World': 1675, 'Action': 1376, 'Sandbox': 861, 'Multiplayer': 853, 'Third Person': 852, 'Adventure': 766, 'Third-Person Shooter': 714, 'Shooter': 674, 'Singleplayer': 638, 'Destruction': 528, 'Exploration': 472, 'Funny': 358, 'Moddable': 268, 'Co-op': 239, 'Beautiful': 193, 'Physics': 187, 'Atmospheric': 163, '3D Vision': 146, 'Comedy': 143, 'FPS': 79}"
8230,Sam & Max 104: Abe Lincoln Must Die!,Telltale Games,Telltale Games,,413,71,0,"1,000,000 .. 2,000,000",0,0,0,0,0,0,0,"English, French, German, Italian","Action, Adventure",0,"{'Adventure': 2894, 'Point & Click': 47, 'Cult Classic': 23, 'Singleplayer': 22, ""1990's"": 22, 'Great Soundtrack': 21, 'Retro': 20, 'Action': 18, 'Comedy': 11, '2D': 7, 'Story Rich': 6, 'America': 6}"
8500,EVE Online,CCP,CCP,,25696,9085,0,"2,000,000 .. 5,000,000",2961,0,119,0,0,0,0,"English, German, Russian, French, Korean, Japanese, Spanish - Spain, Simplified Chinese","Action, Massively Multiplayer, RPG, Strategy, Free To Play",4272,"{'Space': 1658, 'Free to Play': 1257, 'Open World': 1245, 'Massively Multiplayer': 1243, 'RPG': 1237, 'Multiplayer': 1230, 'Economy': 1225, 'Sci-fi': 1225, 'Sandbox': 1223, 'PvP': 1220, 'Strategy': 1211, 'Action': 1189, 'Character Customization': 805, 'MMORPG': 762, 'Spaceships': 759, 'Exploration': 756, 'War': 751, 'Politics': 728, 'PvE': 727, 'Lore-Rich': 726}"
8850,BioShock 2,"2K Marin, 2K China, Digital Extremes, 2K Australia",2K,,12566,1514,0,"2,000,000 .. 5,000,000",127,0,101,0,1999,1999,0,"English, French, German, Italian, Spanish - Spain",Action,40,"{'FPS': 638, 'Action': 475, 'Singleplayer': 391, 'Atmospheric': 365, 'Story Rich': 363, 'Horror': 295, 'Shooter': 286, 'First-Person': 284, 'Steampunk': 250, 'Sci-fi': 215, 'Multiplayer': 184, 'Underwater': 173, 'Dystopian ': 169, 'Adventure': 148, 'RPG': 121, 'Immersive': 121, 'Dark': 109, 'Great Soundtrack': 101, 'Philosophical': 95, 'Action RPG': 71}"
8870,BioShock Infinite,"Irrational Games, Virtual Programming (Linux)",2K,,129413,8583,0,"5,000,000 .. 10,000,000",892,0,740,0,2999,2999,0,"English, French, German, Italian, Spanish - Spain, Polish, Portuguese - Brazil, Russian, Japanese, Korean, Traditional Chinese",Action,385,"{'FPS': 3007, 'Story Rich': 2662, 'Action': 2295, 'Singleplayer': 1961, 'Steampunk': 1923, 'Atmospheric': 1729, 'Shooter': 1549, 'First-Person': 1454, 'Beautiful': 1033, 'Alternate History': 1023, 'Adventure': 920, 'Great Soundtrack': 783, 'Dystopian ': 778, 'Sci-fi': 602, 'Time Travel': 482, 'Fantasy': 370, 'Gore': 334, 'Linear': 313, 'RPG': 282, 'Immersive': 234}"
8930,Sid Meier's Civilization V,"Firaxis Games, Aspyr (Mac), Aspyr (Linux)","2K, Aspyr (Mac), Aspyr (Linux)",,191976,7724,0,"10,000,000 .. 20,000,000",10245,332,3029,406,2999,2999,0,"English, French, German, Italian, Spanish - Spain, Polish, Japanese, Korean, Russian, Traditional Chinese",Strategy,19274,"{'Turn-Based Strategy': 4951, 'Strategy': 4355, 'Turn-Based': 2570, 'Multiplayer': 2395, 'Historical': 2183, '4X': 1713, 'Addictive': 1688, 'Singleplayer': 1602, 'Hex Grid': 1316, 'Grand Strategy': 1057, 'Replay Value': 842, 'Co-op': 780, 'Economy': 732, 'Tactical': 729, 'Diplomacy': 689, 'Moddable': 635, 'Simulation': 606, 'Classic': 472, 'Great Soundtrack': 456, 'Touch-Friendly': 305}"
8980,Borderlands Game of the Year,Gearbox Software,2K,,28570,2933,0,"2,000,000 .. 5,000,000",1134,0,703,0,2999,2999,0,"English, French, Spanish - Spain, German, Italian","Action, RPG",152,"{'Looter Shooter': 1265, 'FPS': 1171, 'Co-op': 926, 'RPG': 909, 'Action': 807, 'Loot': 755, 'Shooter': 638, 'Online Co-Op': 562, 'First-Person': 488, 'Open World': 478, 'Comedy': 455, 'Multiplayer': 436, 'Sci-fi': 407, 'Post-apocalyptic': 372, 'Singleplayer': 345, 'Action RPG': 305, 'Funny': 290, 'Dark Humor': 273, 'Adventure': 250, 'Gore': 241}"
9010,Return to Castle Wolfenstein,Gray Matter Studios,Bethesda Softworks,,7486,570,0,"1,000,000 .. 2,000,000",336,0,430,0,499,499,0,English,Action,61,"{'FPS': 250, 'Action': 217, 'World War II': 214, 'Classic': 209, 'Supernatural': 150, 'Alternate History': 139, 'Shooter': 117, 'Singleplayer': 113, 'First-Person': 105, 'Horror': 92, 'Atmospheric': 88, 'Gore': 71, 'Multiplayer': 70, 'Zombies': 61, 'Stealth': 57, 'Sci-fi': 55, 'Adventure': 48, 'Retro': 43, 'Great Soundtrack': 36, 'Old School': 31}"
9340,Company of Heroes: Opposing Fronts,Relic Entertainment,SEGA,,1002,87,0,"1,000,000 .. 2,000,000",595,0,178,0,1999,1999,0,English,"Action, Strategy",34,"{'Strategy': 135, 'RTS': 78, 'World War II': 61, 'Action': 59, 'Singleplayer': 36, 'Multiplayer': 31, 'Military': 31, 'Tactical': 23, 'War': 21, 'Tanks': 16, 'Base-Building': 14, 'Co-op': 11, 'Historical': 11, 'Online Co-Op': 6, 'Simulation': 5, 'Real Time Tactics': 5}"
9420,Supreme Commander: Forged Alliance,Gas Powered Games,Square Enix,,12538,413,0,"1,000,000 .. 2,000,000",2581,0,666,0,1299,1299,0,"English, French, Italian, German, Spanish - Spain, Czech, Polish, Russian, Traditional Chinese",Strategy,1217,"{'Strategy': 449, 'RTS': 404, 'Sci-fi': 254, 'Multiplayer': 226, 'Singleplayer': 171, 'Base-Building': 161, 'Grand Strategy': 157, 'Co-op': 128, 'Moddable': 118, 'Real-Time with Pause': 100, 'Robots': 97, 'Competitive': 84, 'Real-Time': 80, 'Action': 61, 'Online Co-Op': 53, 'Classic': 44, 'Great Soundtrack': 33, 'Space': 33, 'War': 31, 'Adventure': 21}"
9450,"Warhammer 40,000: Dawn of War - Soulstorm",Relic Entertainment,SEGA,,15717,759,0,"1,000,000 .. 2,000,000",1143,60,1280,80,0,0,0,"English, French, German",Strategy,1905,"{'Warhammer 40K': 318, 'Strategy': 290, 'RTS': 281, 'Base-Building': 185, 'Sci-fi': 145, 'Multiplayer': 130, 'Real-Time': 116, 'Games Workshop': 96, 'Singleplayer': 85, 'Futuristic': 67, 'Classic': 65, 'Action': 52, 'Atmospheric': 46, 'Great Soundtrack': 38, 'Moddable': 35, 'Gore': 35, 'Adventure': 21, 'Fantasy': 18, 'Co-op': 16, 'Memes': 15}"
9480,Saints Row 2,Volition,Deep Silver,,15015,4919,0,"2,000,000 .. 5,000,000",1451,0,1704,0,999,999,0,"English, French, German, Italian, Spanish - Spain, Dutch, Danish, Swedish, Russian",Action,113,"{'Open World': 577, 'Action': 432, 'Character Customization': 319, 'Sandbox': 300, 'Third-Person Shooter': 281, 'Comedy': 260, 'Co-op': 259, 'Crime': 207, 'Third Person': 202, 'Singleplayer': 189, 'Online Co-Op': 168, 'Multiplayer': 154, 'Funny': 151, 'Shooter': 147, 'Co-op Campaign': 122, 'Great Soundtrack': 117, 'Replay Value': 115, 'Female Protagonist': 110, 'Moddable': 92, 'Adventure': 89}"
9900,Star Trek Online,Cryptic Studios,Arc Games,,15407,4103,0,"2,000,000 .. 5,000,000",13076,0,3666,0,0,0,0,"English, French, German","Massively Multiplayer, RPG, Free To Play",1279,"{'Free to Play': 714, 'Sci-fi': 456, 'Massively Multiplayer': 446, 'Space': 430, 'MMORPG': 362, 'RPG': 352, 'Open World': 255, 'Multiplayer': 221, 'Character Customization': 207, 'Action': 188, 'Third Person': 147, 'Adventure': 140, 'Singleplayer': 118, 'PvE': 110, 'Co-op': 110, 'Online Co-Op': 108, 'PvP': 105, 'Strategy': 94, 'Action RPG': 85, 'Tactical': 81}"
10090,Call of Duty: World at War,Treyarch,Activision,,45223,3878,0,"2,000,000 .. 5,000,000",4112,0,1509,0,1999,1999,0,"English, French, Italian, German, Spanish - Spain",Action,482,"{'Zombies': 1188, 'World War II': 888, 'FPS': 879, 'Multiplayer': 789, 'Action': 755, 'Shooter': 739, 'Co-op': 664, 'Singleplayer': 646, 'First-Person': 598, 'Moddable': 591, 'War': 541, 'Online Co-Op': 478, 'Gore': 417, 'Historical': 399, 'Classic': 340, 'Survival': 315, 'Great Soundtrack': 288, 'Horror': 280, 'Tanks': 272, 'Adventure': 255}"
10180,Call of Duty: Modern Warfare 2 (2009),Infinity Ward,Activision,,52868,3932,0,"5,000,000 .. 10,000,000",952,7,980,7,1999,1999,0,"English, French, German, Italian, Spanish - Spain",Action,429,"{'Action': 1819, 'FPS': 1508, 'Multiplayer': 1279, 'Shooter': 1009, 'First-Person': 835, 'Singleplayer': 764, 'War': 688, 'Military': 635, 'Co-op': 532, 'Online Co-Op': 503, 'PvP': 442, 'Great Soundtrack': 343, 'Story Rich': 321, 'Atmospheric': 245, 'Adventure': 231, 'Tactical': 230, 'Controller': 224, 'Linear': 188, 'Strategy': 165, 'Moddable': 157}"
10500,Total War: EMPIRE – Definitive Edition,"CREATIVE ASSEMBLY, Feral Interactive (Mac), Feral Interactive (Linux)","SEGA, Feral Interactive (Mac), Feral Interactive (Linux)",,30769,3132,0,"2,000,000 .. 5,000,000",2365,0,755,0,2499,2499,0,"English, French, Italian, German, Spanish - Spain, Russian, Polish, Czech",Strategy,3301,"{'Strategy': 1099, 'Historical': 686, 'Military': 540, 'Grand Strategy': 495, 'Turn-Based Strategy': 402, 'War': 387, 'Tactical': 303, 'RTS': 294, 'Multiplayer': 274, 'Singleplayer': 215, 'Turn-Based': 177, 'Naval': 161, 'America': 146, 'Real Time Tactics': 134, 'Great Soundtrack': 123, 'Action': 121, 'Turn-Based Tactics': 110, 'Atmospheric': 91, 'Classic': 75, 'Adventure': 71}"
11020,TrackMania Nations Forever,Nadeo,Ubisoft,,20638,2326,0,"2,000,000 .. 5,000,000",233,0,56,0,0,0,0,"English, French, German, Italian, Spanish - Spain, Portuguese - Portugal, Japanese, Traditional Chinese, Korean, #lang_slovakian, Dutch, Russian, Hungarian, Czech, Polish",Racing,359,"{'Racing': 734, 'Free to Play': 506, 'Multiplayer': 343, 'Automobile Sim': 328, 'Singleplayer': 236, 'Level Editor': 197, 'Arcade': 164, 'Competitive': 139, 'Simulation': 134, 'Controller': 126, 'Massively Multiplayer': 107, 'Action': 95, 'Sports': 91, 'Difficult': 73, 'Sandbox': 68, 'Casual': 61, 'Adventure': 49, 'Co-op': 46, 'First-Person': 45, 'Indie': 35}"
12100,Grand Theft Auto III,Rockstar Games,Rockstar Games,,12476,1937,0,"2,000,000 .. 5,000,000",317,458,137,458,0,0,0,"English, French, German, Italian, Spanish - Spain",Action,44,"{'Open World': 456, 'Action': 405, 'Automobile Sim': 361, 'Classic': 281, 'Third Person': 242, 'Crime': 218, 'Singleplayer': 215, 'Driving': 191, 'Sandbox': 189, 'Shooter': 163, 'Third-Person Shooter': 143, 'Great Soundtrack': 125, 'Violent': 122, 'Adventure': 118, 'Atmospheric': 114, 'Silent Protagonist': 112, 'Mature': 99, 'Story Rich': 89, 'Multiplayer': 63, 'Moddable': 63}"
12110,Grand Theft Auto: Vice City,Rockstar Games,Rockstar Games,,26775,2114,0,"2,000,000 .. 5,000,000",645,0,129,0,0,0,0,"English, French, German, Italian, Spanish - Spain",Action,150,"{'Open World': 689, 'Action': 583, 'Automobile Sim': 529, '1980s': 489, 'Classic': 447, 'Great Soundtrack': 388, 'Crime': 370, 'Third Person': 345, 'Singleplayer': 336, 'Sandbox': 262, 'Driving': 259, 'Atmospheric': 239, 'Third-Person Shooter': 228, 'Violent': 216, 'Shooter': 214, 'Adventure': 204, 'Mature': 196, 'Funny': 159, 'Music': 156, 'Multiplayer': 132}"
12120,Grand Theft Auto: San Andreas,Rockstar Games,Rockstar Games,,75403,6536,0,"5,000,000 .. 10,000,000",1777,0,796,0,0,0,0,English,Action,542,"{'Open World': 2047, 'Action': 1581, 'Crime': 1178, 'Classic': 1132, 'Third Person': 1071, 'Automobile Sim': 1067, 'Singleplayer': 1039, 'Multiplayer': 1026, 'Shooter': 874, 'Driving': 850, 'Story Rich': 766, 'Adventure': 689, 'Sandbox': 662, 'Mature': 656, 'Great Soundtrack': 630, 'Third-Person Shooter': 613, 'Moddable': 523, 'Atmospheric': 520, 'Funny': 496, 'Comedy': 391}"
12200,Bully: Scholarship Edition,Rockstar New England,Rockstar Games,,28350,5138,0,"2,000,000 .. 5,000,000",766,0,758,0,1499,1499,0,"Italian, German, Spanish - Spain, English, French","Action, Adventure",262,"{'Open World': 560, 'Action': 432, 'Adventure': 398, 'Third Person': 332, 'Comedy': 303, 'Singleplayer': 301, 'Great Soundtrack': 254, 'Funny': 237, 'Classic': 236, 'Dark Humor': 187, 'Story Rich': 180, 'Sandbox': 176, 'Satire': 169, 'Atmospheric': 135, 'Exploration': 133, 'Mature': 87, 'Simulation': 84, 'Controller': 77, 'Multiplayer': 70, 'RPG': 29}"
12210,Grand Theft Auto IV: The Complete Edition,"Rockstar North, Rockstar Toronto",Rockstar Games,,133278,29331,0,"5,000,000 .. 10,000,000",1623,75,690,75,1999,1999,0,"English, French, Italian, German, Spanish - Spain","Action, Adventure",2406,"{'Open World': 2583, 'Action': 2046, 'Automobile Sim': 1413, 'Multiplayer': 1367, 'Crime': 1358, 'Third Person': 1240, 'Adventure': 1170, 'Singleplayer': 975, 'Third-Person Shooter': 943, 'Sandbox': 886, 'Moddable': 884, 'Shooter': 842, 'Physics': 718, 'Atmospheric': 565, 'Classic': 549, 'Funny': 530, 'Dark Humor': 528, 'Gore': 501, 'Satire': 424, 'Co-op': 412}"
12220,Grand Theft Auto: Episodes from Liberty City,Rockstar North / Toronto,Rockstar Games,,7549,2661,0,"2,000,000 .. 5,000,000",0,0,0,0,0,0,0,"English, French, German, Italian, Spanish - Spain",Action,0,"{'Open World': 362, 'Action': 341, 'Automobile Sim': 262, 'Third Person': 177, 'Multiplayer': 167, 'Crime': 142, 'Adventure': 135, 'Shooter': 124, 'Sandbox': 119, 'Singleplayer': 113, 'Driving': 109, 'Third-Person Shooter': 103, 'Mature': 94, 'Great Soundtrack': 82, 'Nudity': 77, 'Story Rich': 75, 'Racing': 71, 'Comedy': 60, 'Atmospheric': 60, 'Moddable': 59}"
12810,Overlord II,Triumph Studios,"Codemasters, Electronic Arts",,4001,491,0,"1,000,000 .. 2,000,000",275,0,189,0,999,999,0,"English, French, German, Italian, Spanish - Spain",RPG,60,"{'RPG': 282, 'Villain Protagonist': 257, 'Fantasy': 237, 'Singleplayer': 190, 'Dark Fantasy': 178, 'Funny': 173, 'Comedy': 167, 'Third Person': 160, 'Action': 156, 'Magic': 138, 'Adventure': 122, 'Dark Humor': 120, 'Strategy': 120, 'Action RPG': 113, 'Open World': 87, 'Action-Adventure': 82, 'Puzzle': 71, 'Multiplayer': 67, 'Atmospheric': 66, 'RTS': 44}"
12900,AudioSurf,Dylan Fitterer,,,10412,464,0,"1,000,000 .. 2,000,000",655,0,165,0,999,999,0,"English, Russian",Indie,9,"{'Music': 900, 'Rhythm': 591, 'Indie': 519, 'Casual': 350, 'Music-Based Procedural Generation': 337, 'Arcade': 221, 'Colorful': 219, 'Singleplayer': 190, 'Relaxing': 187, 'Score Attack': 162, 'Addictive': 158, 'Local Co-Op': 139, 'Procedural Generation': 138, 'Replay Value': 98, 'Puzzle': 87, 'Fast-Paced': 79, 'Great Soundtrack': 78, 'Racing': 68, 'Co-op': 58, 'Local Multiplayer': 57}"
13520,Far Cry,Crytek Studios,Ubisoft,,7650,1682,0,"1,000,000 .. 2,000,000",178,0,176,0,999,999,0,"English, French",Action,78,"{'FPS': 351, 'Action': 269, 'Classic': 229, 'Shooter': 170, 'Open World': 157, 'First-Person': 149, 'Singleplayer': 148, 'Difficult': 140, 'Stealth': 127, 'Multiplayer': 118, 'Adventure': 102, 'Atmospheric': 83, 'Story Rich': 54, 'Sci-fi': 52, 'Horror': 46, 'Sandbox': 39, 'Great Soundtrack': 24, 'Co-op': 24, 'Survival': 14, 'Zombies': 10}"
15100,Assassin's Creed: Director's Cut Edition,Ubisoft Montreal,Ubisoft,,16264,3529,0,"1,000,000 .. 2,000,000",376,0,361,0,1999,1999,0,"English, French, Italian, German, Spanish - Spain","Action, Adventure",113,"{'Action': 603, 'Combat': 521, 'Adventure': 514, 'Historical': 512, 'Third Person': 510, 'Stealth': 509, 'Parkour': 501, 'Exploration': 500, 'Assassin': 496, 'Singleplayer': 486, 'Medieval': 485, 'Conspiracy': 474, 'Story Rich': 471, 'Atmospheric': 469, 'Realistic': 468, 'Action-Adventure': 463, '3D': 462, 'Cinematic': 457, 'Open World': 457, 'Narration': 450}"
15620,"Warhammer 40,000: Dawn of War II - Anniversary Edition","Relic Entertainment, Feral Interactive (Mac/Linux)","SEGA, Feral Interactive (Mac/Linux)",,10709,1389,0,"2,000,000 .. 5,000,000",969,0,874,0,4999,4999,0,"English, French, German, Italian, Spanish - Spain",Strategy,359,"{'Warhammer 40K': 547, 'Strategy': 409, 'RTS': 320, 'Sci-fi': 205, 'Multiplayer': 165, 'Games Workshop': 153, 'Tactical': 152, 'Singleplayer': 124, 'Co-op': 111, 'Futuristic': 81, 'Gore': 80, 'Online Co-Op': 79, 'RPG': 66, 'Co-op Campaign': 61, 'Real-Time': 56, 'Action': 56, 'Fantasy': 44, 'Great Soundtrack': 41, 'Atmospheric': 36, 'Story Rich': 13}"
15700,Oddworld: Abe's Oddysee,Oddworld Inhabitants,Oddworld Inhabitants,,3629,614,0,"5,000,000 .. 10,000,000",186,0,195,0,299,299,0,"English, French, German, Italian, Japanese, Spanish - Spain",Adventure,13,"{'Adventure': 2068, 'Platformer': 176, 'Classic': 149, 'Puzzle': 114, '2D': 110, 'Singleplayer': 98, 'Cult Classic': 91, 'Retro': 72, 'Dark': 63, 'Funny': 53, 'Comedy': 43, 'Atmospheric': 43, 'Difficult': 42, ""1990's"": 42, 'Puzzle-Platformer': 34, 'Cinematic': 32, 'Action': 25, 'Gore': 22, 'Fantasy': 21, 'Indie': 14}"
17300,Crysis,Crytek,Electronic Arts,,10456,2649,0,"1,000,000 .. 2,000,000",737,0,457,0,2999,2999,0,"English, French, German, Spanish - Spain, Italian, Czech, Polish, Russian, Hungarian",Action,17,"{'FPS': 550, 'Action': 466, 'Sci-fi': 328, 'Singleplayer': 259, 'Shooter': 255, 'Stealth': 239, 'Open World': 223, 'Aliens': 208, 'First-Person': 205, 'Benchmark': 180, 'Multiplayer': 151, 'Futuristic': 131, 'Atmospheric': 99, 'Adventure': 99, 'Story Rich': 96, 'Classic': 88, 'Destruction': 77, 'Sandbox': 68, 'Great Soundtrack': 64, 'Moddable': 37}"
17390,SPORE,Maxis™,Electronic Arts,,56689,4710,0,"2,000,000 .. 5,000,000",572,290,449,290,1999,1999,0,"English, Czech, Danish, German, Spanish - Spain, Finnish, French, Italian, Hungarian, Dutch, Norwegian, Polish, Russian, Swedish, Portuguese - Portugal","Action, Adventure, Casual, RPG, Simulation, Strategy",779,"{'God Game': 1500, 'Open World': 1463, 'Sandbox': 1426, 'Exploration': 1404, 'Colony Sim': 1402, 'Simulation': 1395, 'Space': 1383, 'Casual': 1345, 'Cute': 1340, 'Science': 1325, 'Funny': 1309, 'Aliens': 968, 'Sci-fi': 966, 'Adventure': 940, 'Colorful': 925, 'Cartoony': 922, 'Family Friendly': 918, 'Resource Management': 899, 'Comedy': 890, 'Cartoon': 867}"
17410,Mirror's Edge,DICE,Electronic Arts,,31903,4544,0,"2,000,000 .. 5,000,000",442,0,256,0,1999,1999,0,"English, French, German, Italian, Spanish - Spain, Czech, Russian, Polish, Hungarian, Portuguese - Portugal","Action, Adventure",54,"{'Action-Adventure': 1904, 'Parkour': 1883, 'First-Person': 1343, 'Exploration': 1321, '3D Platformer': 1199, 'Female Protagonist': 1179, 'Singleplayer': 1140, 'Platformer': 1127, 'Puzzle': 1121, 'Cyberpunk': 1114, 'Action': 1106, 'Colorful': 760, 'Dystopian ': 759, 'Stylized': 754, 'Atmospheric': 750, 'Sci-fi': 744, 'Futuristic': 732, 'Great Soundtrack': 732, 'Adventure': 730, 'Time Attack': 716}"
17460,Mass Effect (2007),BioWare,Electronic Arts,,15297,1029,0,"1,000,000 .. 2,000,000",1044,0,567,0,2999,2999,0,"English, French, German, Spanish - Spain, Italian","Action, RPG",32,"{'RPG': 1150, 'Sci-fi': 1060, 'Story Rich': 825, 'Action': 683, 'Space': 622, 'Third-Person Shooter': 611, 'Singleplayer': 608, 'Choices Matter': 403, 'Great Soundtrack': 391, 'Third Person': 385, 'Character Customization': 304, 'Shooter': 282, 'Adventure': 277, 'Female Protagonist': 275, 'Romance': 263, 'Atmospheric': 250, 'Open World': 250, 'Action RPG': 244, 'Real-Time with Pause': 237, 'Immersive': 167}"
17470,Dead Space (2008),EA Redwood Shores,Electronic Arts,,24687,2240,0,"2,000,000 .. 5,000,000",456,0,395,0,1999,1999,0,"English, French, German, Italian, Spanish - Spain","Action, Adventure",73,"{'Horror': 932, 'Sci-fi': 643, 'Action': 606, 'Space': 553, 'Survival Horror': 501, 'Third Person': 486, 'Atmospheric': 400, 'Singleplayer': 388, 'Third-Person Shooter': 375, 'Gore': 348, 'Shooter': 298, 'Aliens': 257, 'Dark': 222, 'Futuristic': 197, 'Story Rich': 174, 'Silent Protagonist': 162, 'Survival': 139, 'Adventure': 135, 'Zombies': 99, 'Immersive': 81}"
17480,Command & Conquer: Red Alert 3,EA Los Angeles,Electronic Arts,,12104,2079,0,"1,000,000 .. 2,000,000",2069,0,2087,0,1988,1988,0,"English, French, German, Italian, Czech, Hungarian, Polish, Russian, Spanish - Latin America",Strategy,479,"{'Strategy': 779, 'RTS': 662, 'Base-Building': 604, 'Multiplayer': 323, 'Co-op': 292, 'Singleplayer': 212, 'Alternate History': 206, 'War': 197, 'Real-Time': 197, 'Sci-fi': 194, 'Co-op Campaign': 188, 'Online Co-Op': 128, 'Action': 127, 'Classic': 119, 'Great Soundtrack': 105, 'Comedy': 103, 'FMV': 77, 'Atmospheric': 44, 'Story Rich': 21, 'Nudity': 17}"
19680,Alice: Madness Returns,Spicy Horse Games,Electronic Arts,,17531,1959,0,"2,000,000 .. 5,000,000",319,0,363,0,999,999,0,"English, French, German, Italian, Japanese, Spanish - Spain","Action, Adventure",306,"{'Horror': 804, '3D Platformer': 804, 'Female Protagonist': 782, 'Dark Fantasy': 782, 'Hack and Slash': 773, 'Action-Adventure': 746, 'Singleplayer': 728, 'Gothic': 721, 'Story Rich': 718, 'Platformer': 716, 'Third Person': 714, 'Surreal': 711, 'Psychological': 700, 'Fantasy': 687, 'Action': 682, 'Noir': 675, 'Based On A Novel': 661, 'Atmospheric': 659, 'Adventure': 643, 'Supernatural': 555}"
19900,Far Cry 2,Ubisoft Montreal,Ubisoft,,12213,3666,0,"1,000,000 .. 2,000,000",527,0,366,0,999,999,0,"English, French, Italian, German, Spanish - Spain",Action,112,"{'Open World': 478, 'FPS': 437, 'Action': 334, 'Shooter': 241, 'Singleplayer': 219, 'First-Person': 210, 'Multiplayer': 204, 'Adventure': 150, 'Realistic': 137, 'Sandbox': 132, 'Atmospheric': 130, 'Stealth': 124, 'Survival': 110, 'Exploration': 104, 'Story Rich': 71, 'Level Editor': 71, 'Immersive Sim': 70, 'Controller': 54, 'Great Soundtrack': 53, 'Co-op': 53}"
20510,S.T.A.L.K.E.R.: Clear Sky,GSC Game World,GSC World Publishing,,17326,2955,0,"1,000,000 .. 2,000,000",1101,0,1122,0,999,999,0,"English, French, German, Spanish - Spain, Russian, Ukrainian, Italian, Polish","Action, RPG",382,"{'Open World': 689, 'Atmospheric': 603, 'Post-apocalyptic': 574, 'FPS': 538, 'Survival': 533, 'Action': 437, 'First-Person': 342, 'RPG': 334, 'Shooter': 318, 'Singleplayer': 306, 'Survival Horror': 230, 'Adventure': 206, 'Multiplayer': 203, 'Horror': 199, 'Sci-fi': 192, 'Classic': 189, 'Moddable': 178, 'Zombies': 174, 'Inventory Management': 130, 'Sandbox': 75}"
20570,"Warhammer 40,000: Dawn of War II Chaos Rising","Relic Entertainment, Feral Interactive (Mac/Linux)","SEGA, Feral Interactive (Mac/Linux)",,2944,282,0,"1,000,000 .. 2,000,000",376,0,193,0,0,0,0,"English, French, German, Italian, Spanish - Spain",Strategy,151,"{'Strategy': 210, 'Warhammer 40K': 202, 'RTS': 159, 'Sci-fi': 84, 'Multiplayer': 71, 'Games Workshop': 70, 'Tactical': 54, 'Co-op': 44, 'Real-Time': 43, 'RPG': 37, 'Singleplayer': 36, 'Action': 23, 'Great Soundtrack': 12, 'Gore': 12, 'Real Time Tactics': 11, 'Futuristic': 6, 'Atmospheric': 5}"
20900,The Witcher: Enhanced Edition Director's Cut,CD PROJEKT RED,"CD PROJEKT RED, 1C-SoftClub",,70531,8840,0,"2,000,000 .. 5,000,000",919,0,420,0,999,999,0,"English, French, German, Spanish - Spain, Italian, Czech, Russian, Hungarian, Polish, Traditional Chinese (text only)","Action, RPG",678,"{'RPG': 1998, 'Fantasy': 1234, 'Story Rich': 1050, 'Mature': 909, 'Singleplayer': 903, 'Choices Matter': 880, 'Action': 814, 'Third Person': 790, 'Nudity': 724, 'Adventure': 661, 'Dark Fantasy': 617, 'Based On A Novel': 608, 'Atmospheric': 606, 'Open World': 518, 'Great Soundtrack': 446, 'Medieval': 422, 'Multiple Endings': 418, 'Action RPG': 368, 'Magic': 347, 'Classic': 252}"
20920,The Witcher 2: Assassins of Kings Enhanced Edition,CD PROJEKT RED,"CD PROJEKT RED, 1C-SoftClub",,75728,8802,0,"2,000,000 .. 5,000,000",851,104,359,104,1999,1999,0,"English, German, French, Spanish - Spain, Russian, Czech, Hungarian, Japanese, Polish, Turkish, Traditional Chinese, Italian, Korean, Portuguese - Brazil",RPG,611,"{'RPG': 3811, 'Fantasy': 2376, 'Mature': 1854, 'Story Rich': 1744, 'Choices Matter': 1710, 'Singleplayer': 1601, 'Third Person': 1525, 'Adventure': 1466, 'Nudity': 1459, 'Dark Fantasy': 1421, 'Multiple Endings': 1061, 'Open World': 1032, 'Action': 1029, 'Atmospheric': 923, 'Based On A Novel': 860, 'Well-Written': 848, 'Difficult': 688, 'Medieval': 684, 'Magic': 651, 'Dark': 614}"
21100,F.E.A.R. 3,Day 1 Studios,Warner Bros. Interactive Entertainment,,8654,3445,0,"1,000,000 .. 2,000,000",274,0,233,0,1999,1999,0,"English, French, German, Italian, Korean, Polish, Portuguese - Portugal, Russian, Spanish - Spain",Action,41,"{'FPS': 342, 'Horror': 326, 'Co-op': 283, 'Action': 262, 'Multiplayer': 171, 'Shooter': 168, 'Singleplayer': 140, 'Gore': 135, 'First-Person': 132, 'Online Co-Op': 122, 'Bullet Time': 77, 'Sci-fi': 48, 'Adventure': 46, 'Zombies': 42, 'Atmospheric': 41, 'Co-op Campaign': 41, 'Story Rich': 40, 'Mechs': 31, 'Controller': 21, 'Short': 16}"
21110,F.E.A.R.,"Monolith Productions, Inc., Timegate","Warner Bros. Games, Warner Bros. Interactive Entertainment",,0,0,0,"1,000,000 .. 2,000,000",160,0,199,0,5499,5499,0,English,Action,15,[]
21120,F.E.A.R.,"Monolith Productions, Inc., Timegate","Warner Bros. Games, Warner Bros. Interactive Entertainment",,0,0,0,"1,000,000 .. 2,000,000",223,0,293,0,5499,5499,0,English,Action,15,[]
21690,Resident Evil 5,Capcom,Capcom,,39024,5960,0,"1,000,000 .. 2,000,000",1112,0,594,0,1999,1999,0,"English, French, German, Italian, Japanese, Spanish - Spain, Czech, Polish, Russian","Action, Adventure",639,"{'Co-op': 518, 'Action': 506, 'Zombies': 498, 'Co-op Campaign': 377, 'Third-Person Shooter': 371, 'Online Co-Op': 362, 'Horror': 358, 'Multiplayer': 278, 'Adventure': 259, 'Third Person': 219, 'Survival Horror': 210, 'Shooter': 195, 'Singleplayer': 186, 'Local Co-Op': 184, 'Female Protagonist': 131, 'Quick-Time Events': 122, 'Survival': 114, 'Gore': 107, 'Atmospheric': 68, 'Split Screen': 64}"
22320,The Elder Scrolls III: Morrowind Game of the Year Edition,Bethesda Game Studios,Bethesda Softworks,,23655,1141,0,"1,000,000 .. 2,000,000",1041,711,688,711,1499,1499,0,"English, French, German",RPG,518,"{'RPG': 1290, 'Open World': 1134, 'Fantasy': 758, 'Classic': 673, 'Great Soundtrack': 651, 'Moddable': 614, 'Singleplayer': 551, 'First-Person': 526, 'Adventure': 505, 'Cult Classic': 490, 'Atmospheric': 453, 'Magic': 409, 'Exploration': 408, 'Story Rich': 399, 'Sandbox': 347, 'Character Customization': 324, 'Action RPG': 318, 'Medieval': 230, 'Action': 213, 'Third Person': 169}"
22330,The Elder Scrolls IV: Oblivion Game of the Year Edition,Bethesda Game Studios,Bethesda Softworks,,44790,2111,0,"1,000,000 .. 2,000,000",1572,0,1126,0,1499,1499,0,"English, French, Italian, German, Spanish - Spain",RPG,1317,"{'RPG': 1497, 'Open World': 1432, 'Fantasy': 1001, 'Singleplayer': 861, 'Moddable': 824, 'First-Person': 663, 'Adventure': 657, 'Exploration': 630, 'Great Soundtrack': 550, 'Magic': 503, 'Character Customization': 497, 'Action': 483, 'Story Rich': 417, 'Atmospheric': 404, 'Medieval': 386, 'Sandbox': 373, 'Classic': 344, 'Action RPG': 322, 'Third Person': 278, 'Dark Fantasy': 190}"
22350,BRINK,Splash Damage,Bethesda Softworks,,4900,2926,0,"1,000,000 .. 2,000,000",399,0,157,0,0,0,0,"English, French, German, Italian, Spanish - Spain","Action, Free To Play",13,"{'FPS': 328, 'Action': 261, 'Multiplayer': 252, 'Parkour': 235, 'Shooter': 186, 'Character Customization': 174, 'Free to Play': 172, 'Class-Based': 137, 'Co-op': 130, 'Singleplayer': 120, 'First-Person': 114, 'Gun Customization': 106, 'Team-Based': 89, 'Online Co-Op': 85, 'Sci-fi': 84, 'Tactical': 64, 'Atmospheric': 52, 'Adventure': 49, 'Casual': 47, 'Open World': 43}"
22370,Fallout 3: Game of the Year Edition,Bethesda Game Studios,Bethesda Softworks,,39310,9326,0,"2,000,000 .. 5,000,000",804,0,306,0,1999,1999,0,"English, French, German, Italian, Spanish - Spain",RPG,654,"{'Open World': 1554, 'RPG': 1446, 'Post-apocalyptic': 1401, 'Singleplayer': 897, 'Moddable': 853, 'First-Person': 751, 'Sci-fi': 677, 'FPS': 623, 'Adventure': 613, 'Action': 612, 'Exploration': 461, 'Replay Value': 447, 'Atmospheric': 432, 'Sandbox': 415, 'Third Person': 407, 'Story Rich': 339, 'Shooter': 317, 'Action RPG': 292, 'Cult Classic': 285, 'Great Soundtrack': 244}"
